name, speed, area_sq_km, total_road_length_km, road_density
"Ben",Inf,16.399117521306,185.922985072684,11.3373774430928
"Beverly",10.3983411155451,5.96782115134101,130.922274352225,21.9380358479418
"Avery",11.1756351240791,7.32550332584654,125.409651296863,17.1195951620662
